account_id,created_date,tier,region,is_flagged,flag_reason,total_api_calls,total_spend_usd,account_status,cluster_id
ACC-00001,2023-11-19 00:00:00,pro,EU,True,api_abuse,19585,2154.12,active,cluster_a
ACC-00002,2024-02-03 00:00:00,pro,US,True,api_abuse,16452,1065.19,active,cluster_a
ACC-00003,2023-09-29 00:00:00,pro,US,True,api_abuse,16410,1906.51,active,cluster_a
ACC-00004,2022-09-26 00:00:00,pro,US,True,api_abuse,19585,1109.1,active,cluster_a
ACC-00005,2022-12-19 00:00:00,pro,US,True,api_abuse,28119,839.21,suspended,cluster_a
ACC-00006,2023-11-24 00:00:00,pro,US,True,api_abuse,26401,1422.82,suspended,cluster_a
ACC-00007,2024-01-29 00:00:00,pro,EU,True,api_abuse,26669,2471.49,active,cluster_a
ACC-00008,2024-05-01 00:00:00,pro,EU,True,api_abuse,38722,910.59,active,cluster_a
ACC-00009,2022-08-01 00:00:00,pro,US,False,,10770,515.97,active,cluster_b
ACC-00010,2022-01-31 00:00:00,pro,APAC,False,,13942,622.04,active,cluster_b
ACC-00011,2023-10-29 00:00:00,pro,APAC,False,,10186,891.06,active,cluster_b
ACC-00012,2022-06-13 00:00:00,pro,APAC,False,,14560,1020.07,active,cluster_b
ACC-00013,2022-12-15 00:00:00,pro,US,False,,13397,1342.28,active,cluster_b
ACC-00014,2022-03-20 00:00:00,pro,APAC,False,,19062,1097.9,active,cluster_b
ACC-00015,2024-01-15 00:00:00,enterprise,US,True,platform_fraud,58446,10208.34,active,cluster_c
ACC-00016,2022-09-05 00:00:00,enterprise,US,True,platform_fraud,34270,13287.38,active,cluster_c
ACC-00017,2022-01-14 00:00:00,enterprise,US,True,platform_fraud,26610,7962.74,active,cluster_c
ACC-00018,2023-12-21 00:00:00,enterprise,US,True,platform_fraud,20220,6987.16,active,cluster_c
ACC-00019,2024-03-27 00:00:00,enterprise,US,True,platform_fraud,44238,12901.76,active,cluster_c
ACC-00020,2023-08-13 00:00:00,trial,APAC,False,,20,0.0,active,
ACC-00021,2024-05-07 00:00:00,pro,EU,False,,4119,0.59,active,
ACC-00022,2023-09-19 00:00:00,enterprise,APAC,False,,7395,0.91,active,
ACC-00023,2023-05-12 00:00:00,free,EU,False,,1130,0.17,active,
ACC-00024,2024-04-11 00:00:00,pro,US,False,,3880,0.51,active,
ACC-00025,2022-04-04 00:00:00,pro,EU,False,,4895,0.67,active,
ACC-00026,2022-04-18 00:00:00,free,US,False,,1073,0.15,active,
ACC-00027,2022-11-07 00:00:00,free,LATAM,False,,521,0.06,active,
ACC-00028,2022-08-26 00:00:00,free,US,False,,331,0.05,active,
ACC-00029,2022-02-27 00:00:00,free,US,False,,408,0.06,active,
ACC-00030,2024-05-30 00:00:00,free,US,False,,622,0.08,active,
ACC-00031,2023-07-14 00:00:00,free,LATAM,False,,16,0.0,active,
ACC-00032,2022-03-13 00:00:00,pro,EU,False,,4024,0.63,active,
ACC-00033,2022-12-18 00:00:00,free,US,False,,317,0.06,active,
ACC-00034,2024-01-28 00:00:00,enterprise,APAC,False,,17742,2.87,active,
ACC-00035,2022-03-26 00:00:00,free,US,False,,829,0.12,active,
ACC-00036,2023-10-11 00:00:00,trial,US,False,,363,0.06,active,
ACC-00037,2024-05-16 00:00:00,free,EU,False,,129,0.02,active,
ACC-00038,2024-02-18 00:00:00,pro,US,False,,16822,2.58,active,
ACC-00039,2022-12-23 00:00:00,free,US,False,,937,0.16,active,
ACC-00040,2023-05-28 00:00:00,enterprise,APAC,False,,38467,6.16,active,
ACC-00041,2023-03-05 00:00:00,free,LATAM,False,,166,0.02,active,
ACC-00042,2022-06-07 00:00:00,free,LATAM,False,,9,0.0,active,
ACC-00043,2023-03-25 00:00:00,free,APAC,False,,184,0.03,active,
ACC-00044,2024-03-10 00:00:00,pro,US,False,,19290,2.88,active,
ACC-00045,2022-07-23 00:00:00,free,US,False,,552,0.09,active,
ACC-00046,2023-02-19 00:00:00,free,EU,False,,22,0.0,active,
ACC-00047,2023-05-03 00:00:00,free,APAC,False,,1529,0.21,active,
ACC-00048,2022-08-25 00:00:00,pro,LATAM,False,,1824,0.24,active,
ACC-00049,2022-03-04 00:00:00,free,US,False,,929,0.16,active,
ACC-00050,2022-10-12 00:00:00,free,EU,False,,146,0.02,active,
ACC-00051,2023-01-06 00:00:00,enterprise,US,False,,20119,2.77,active,
ACC-00052,2022-06-21 00:00:00,free,EU,False,,2,0.0,active,
ACC-00053,2023-05-26 00:00:00,free,US,False,,1088,0.13,active,
ACC-00054,2024-01-10 00:00:00,free,EU,False,,84,0.02,active,
ACC-00055,2023-11-11 00:00:00,enterprise,US,True,platform_fraud,3397,0.51,suspended,
ACC-00056,2023-07-17 00:00:00,pro,US,False,,3789,0.58,active,
ACC-00057,2022-08-27 00:00:00,pro,LATAM,False,,1950,0.33,active,
ACC-00058,2023-08-31 00:00:00,free,US,True,data_poisoning,42,0.01,suspended,
ACC-00059,2024-04-04 00:00:00,trial,EU,False,,19,0.0,active,
ACC-00060,2022-02-12 00:00:00,pro,EU,False,,2860,0.47,active,
ACC-00061,2022-03-25 00:00:00,pro,US,False,,2091,0.26,active,
ACC-00062,2023-12-13 00:00:00,free,LATAM,False,,8,0.0,active,
ACC-00063,2024-02-22 00:00:00,free,EU,False,,24,0.0,active,
ACC-00064,2023-08-27 00:00:00,free,US,False,,347,0.05,active,
ACC-00065,2023-12-08 00:00:00,pro,LATAM,False,,10094,1.6,active,
ACC-00066,2023-07-07 00:00:00,pro,EU,False,,8335,1.41,active,
ACC-00067,2022-11-29 00:00:00,enterprise,EU,False,,8003,1.06,active,
ACC-00068,2023-08-25 00:00:00,free,EU,False,,533,0.08,active,
ACC-00069,2024-04-06 00:00:00,free,US,False,,590,0.08,active,
ACC-00070,2023-05-17 00:00:00,free,EU,False,,397,0.06,active,
ACC-00071,2024-02-04 00:00:00,pro,APAC,False,,1438,0.22,active,
ACC-00072,2022-11-30 00:00:00,pro,US,False,,6733,0.9,active,
ACC-00073,2022-02-17 00:00:00,pro,EU,False,,1766,0.22,active,
ACC-00074,2023-03-02 00:00:00,trial,APAC,False,,628,0.1,active,
ACC-00075,2022-07-07 00:00:00,free,US,False,,461,0.07,active,
ACC-00076,2024-05-28 00:00:00,trial,APAC,False,,534,0.1,active,
ACC-00077,2023-08-30 00:00:00,free,APAC,False,,611,0.11,active,
ACC-00078,2022-12-16 00:00:00,enterprise,APAC,False,,13882,1.85,active,
ACC-00079,2024-02-01 00:00:00,enterprise,US,False,,6639,1.03,active,
ACC-00080,2023-09-17 00:00:00,enterprise,US,False,,22405,3.16,active,
ACC-00081,2023-01-19 00:00:00,free,US,False,,142,0.02,active,
ACC-00082,2023-12-27 00:00:00,free,EU,False,,675,0.11,active,
ACC-00083,2022-03-15 00:00:00,pro,EU,False,,2555,0.38,active,
ACC-00084,2022-10-12 00:00:00,pro,EU,False,,19061,2.92,active,
ACC-00085,2022-03-08 00:00:00,free,LATAM,False,,145,0.02,active,
ACC-00086,2022-12-05 00:00:00,free,US,False,,2740,0.44,active,
ACC-00087,2022-04-05 00:00:00,pro,LATAM,False,,298,0.04,active,
ACC-00088,2022-08-23 00:00:00,free,US,False,,245,0.03,active,
ACC-00089,2022-12-29 00:00:00,free,US,False,,16,0.0,active,
ACC-00090,2023-01-03 00:00:00,pro,US,False,,396,0.07,active,
ACC-00091,2022-05-26 00:00:00,pro,LATAM,False,,10464,1.6,active,
ACC-00092,2023-10-24 00:00:00,free,APAC,False,,2109,0.3,active,
ACC-00093,2022-04-29 00:00:00,free,APAC,False,,32,0.0,active,
ACC-00094,2024-03-16 00:00:00,free,US,False,,382,0.06,active,
ACC-00095,2022-06-30 00:00:00,pro,APAC,False,,2372,0.32,active,
ACC-00096,2022-02-11 00:00:00,free,US,False,,1052,0.17,active,
ACC-00097,2022-09-29 00:00:00,free,US,False,,323,0.05,active,
ACC-00098,2023-02-28 00:00:00,enterprise,LATAM,False,,39233,6.1,active,
ACC-00099,2023-06-29 00:00:00,free,APAC,False,,817,0.14,active,
ACC-00100,2023-10-03 00:00:00,trial,EU,False,,161,0.02,active,
